{"cameraMode":{"drawMode":0,"name":"Shaded","section":"Shading Mode"},"sceneLighting":true,"audioPlay":false,"sceneViewState":{"m_AlwaysRefresh":false,"showFog":true,"showSkybox":true,"showFlares":true,"showImageEffects":true,"showParticleSystems":true,"showVisualEffectGraphs":true,"m_FxEnabled":true},"in2DMode":false,"pivot":{"x":11.065990447998047,"y":12.247824668884278,"z":23.236888885498048},"rotation":{"x":0.2021205574274063,"y":-0.6492033004760742,"z":0.18492534756660462,"w":0.7095702290534973},"size":2.080662488937378,"orthographic":false}